"BLE Beacon","00050001-0000-1000-8000-00805F9B0131","6","34412","2018/07/23 09:28:14.384 PM","1532348894384","27.0","59.0","-61","0201041AFF4C0002150005000100001000800000805F9B01310006866CC3"
"BLE Beacon","00050001-0000-1000-8000-00805F9B0131","2","34155","2018/07/23 09:28:14.424 PM","1532348894424","26.0","58.0","-61","0201041AFF4C0002150005000100001000800000805F9B01310002856BC3"
"BLE Beacon","A7C9A8FC-6DB8-F137-6F9E-8110F17ECA27","50528","45481","2018/07/23 09:28:14.898 PM","1532348894898","69.0","80.0","84","1EFF06000109200215A7C9A8FC6DB8F1376F9E8110F17ECA27C560B1A954"
"BLE Beacon","00050001-0000-1000-8000-00805F9B0131","1","33900","2018/07/23 09:28:16.999 PM","1532348896999","27.0","58.0","-61","0201041AFF4C0002150005000100001000800000805F9B01310001846CC3"
"BLE Beacon","00050001-0000-1000-8000-00805F9B0131","6","34412","2018/07/23 09:28:17.382 PM","1532348897382","27.0","59.0","-61","0201041AFF4C0002150005000100001000800000805F9B01310006866CC3"
"BLE Beacon","A7C9A8FC-6DB8-F137-6F9E-8110F17ECA27","50528","45481","2018/07/23 09:28:19.192 PM","1532348899192","69.0","80.0","84","1EFF06000109200215A7C9A8FC6DB8F1376F9E8110F17ECA27C560B1A954"
"BLE Beacon","A7C9A8FC-6DB8-F137-6F9E-8110F17ECA27","50528","45481","2018/07/23 09:28:19.402 PM","1532348899402","69.0","80.0","84","1EFF06000109200215A7C9A8FC6DB8F1376F9E8110F17ECA27C560B1A954"
"BLE Beacon","A7C9A8FC-6DB8-F137-6F9E-8110F17ECA27","50528","45481","2018/07/23 09:28:19.941 PM","1532348899941","69.0","80.0","84","1EFF06000109200215A7C9A8FC6DB8F1376F9E8110F17ECA27C560B1A954"
"BLE Beacon","00050001-0000-1000-8000-00805F9B0131","1","33900","2018/07/23 09:28:20.360 PM","1532348900360","27.0","58.0","-61","0201041AFF4C0002150005000100001000800000805F9B01310001846CC3"
"BLE Beacon","00050001-0000-1000-8000-00805F9B0131","6","34412","2018/07/23 09:28:20.386 PM","1532348900386","27.0","59.0","-61","0201041AFF4C0002150005000100001000800000805F9B01310006866CC3"
"BLE Beacon","A7C9A8FC-6DB8-F137-6F9E-8110F17ECA27","50528","45481","2018/07/23 09:28:22.632 PM","1532348902632","69.0","80.0","84","1EFF06000109200215A7C9A8FC6DB8F1376F9E8110F17ECA27C560B1A954"
"BLE Beacon","00050001-0000-1000-8000-00805F9B0131","6","34412","2018/07/23 09:28:23.361 PM","1532348903361","27.0","59.0","-61","0201041AFF4C0002150005000100001000800000805F9B01310006866CC3"
"BLE Beacon","A7C9A8FC-6DB8-F137-6F9E-8110F17ECA27","50528","45481","2018/07/23 09:28:23.681 PM","1532348903681","69.0","80.0","84","1EFF06000109200215A7C9A8FC6DB8F1376F9E8110F17ECA27C560B1A954"
"BLE Beacon","00050001-0000-1000-8000-00805F9B0131","1","33900","2018/07/23 09:28:23.744 PM","1532348903744","27.0","58.0","-61","0201041AFF4C0002150005000100001000800000805F9B01310001846CC3"
"BLE Beacon","A7C9A8FC-6DB8-F137-6F9E-8110F17ECA27","50528","45481","2018/07/23 09:28:23.894 PM","1532348903894","69.0","80.0","84","1EFF06000109200215A7C9A8FC6DB8F1376F9E8110F17ECA27C560B1A954"
"BLE Beacon","A7C9A8FC-6DB8-F137-6F9E-8110F17ECA27","50528","45481","2018/07/23 09:28:23.980 PM","1532348903980","69.0","80.0","84","1EFF06000109200215A7C9A8FC6DB8F1376F9E8110F17ECA27C560B1A954"
"BLE Beacon","00050001-0000-1000-8000-00805F9B0131","2","34155","2018/07/23 09:28:24.055 PM","1532348904055","26.0","58.0","-61","0201041AFF4C0002150005000100001000800000805F9B01310002856BC3"
"BLE Beacon","00050001-0000-1000-8000-00805F9B0131","6","34412","2018/07/23 09:28:26.358 PM","1532348906358","27.0","59.0","-61","0201041AFF4C0002150005000100001000800000805F9B01310006866CC3"
"BLE Beacon","00050001-0000-1000-8000-00805F9B0131","1","33899","2018/07/23 09:28:27.065 PM","1532348907065","26.0","58.0","-61","0201041AFF4C0002150005000100001000800000805F9B01310001846BC3"
"BLE Beacon","A7C9A8FC-6DB8-F137-6F9E-8110F17ECA27","50528","45481","2018/07/23 09:28:27.136 PM","1532348907136","69.0","80.0","84","1EFF06000109200215A7C9A8FC6DB8F1376F9E8110F17ECA27C560B1A954"
"BLE Beacon","00050001-0000-1000-8000-00805F9B0131","2","34155","2018/07/23 09:28:27.392 PM","1532348907392","26.0","58.0","-61","0201041AFF4C0002150005000100001000800000805F9B01310002856BC3"
"BLE Beacon","00050001-0000-1000-8000-00805F9B0131","6","34412","2018/07/23 09:28:29.379 PM","1532348909379","27.0","59.0","-61","0201041AFF4C0002150005000100001000800000805F9B01310006866CC3"
"BLE Beacon","00050001-0000-1000-8000-00805F9B0131","1","33900","2018/07/23 09:28:30.392 PM","1532348910392","27.0","58.0","-61","0201041AFF4C0002150005000100001000800000805F9B01310001846CC3"
"BLE Beacon","00050001-0000-1000-8000-00805F9B0131","2","34155","2018/07/23 09:28:30.671 PM","1532348910671","26.0","58.0","-61","0201041AFF4C0002150005000100001000800000805F9B01310002856BC3"
"BLE Beacon","A7C9A8FC-6DB8-F137-6F9E-8110F17ECA27","50528","45481","2018/07/23 09:28:31.033 PM","1532348911033","69.0","80.0","84","1EFF06000109200215A7C9A8FC6DB8F1376F9E8110F17ECA27C560B1A954"
"BLE Beacon","00050001-0000-1000-8000-00805F9B0131","6","34412","2018/07/23 09:28:32.340 PM","1532348912340","27.0","59.0","-61","0201041AFF4C0002150005000100001000800000805F9B01310006866CC3"
"BLE Beacon","A7C9A8FC-6DB8-F137-6F9E-8110F17ECA27","50528","45481","2018/07/23 09:28:33.022 PM","1532348913022","69.0","80.0","84","1EFF06000109200215A7C9A8FC6DB8F1376F9E8110F17ECA27C560B1A954"
"BLE Beacon","A7C9A8FC-6DB8-F137-6F9E-8110F17ECA27","50528","45481","2018/07/23 09:28:33.115 PM","1532348913115","69.0","80.0","84","1EFF06000109200215A7C9A8FC6DB8F1376F9E8110F17ECA27C560B1A954"
"BLE Beacon","A7C9A8FC-6DB8-F137-6F9E-8110F17ECA27","50528","45481","2018/07/23 09:28:33.338 PM","1532348913338","69.0","80.0","84","1EFF06000109200215A7C9A8FC6DB8F1376F9E8110F17ECA27C560B1A954"
"BLE Beacon","00050001-0000-1000-8000-00805F9B0131","1","33900","2018/07/23 09:28:33.776 PM","1532348913776","27.0","58.0","-61","0201041AFF4C0002150005000100001000800000805F9B01310001846CC3"
"BLE Beacon","A7C9A8FC-6DB8-F137-6F9E-8110F17ECA27","50528","45481","2018/07/23 09:28:34.160 PM","1532348914160","69.0","80.0","84","1EFF06000109200215A7C9A8FC6DB8F1376F9E8110F17ECA27C560B1A954"
"BLE Beacon","A7C9A8FC-6DB8-F137-6F9E-8110F17ECA27","50528","45481","2018/07/23 09:28:34.464 PM","1532348914464","69.0","80.0","84","1EFF06000109200215A7C9A8FC6DB8F1376F9E8110F17ECA27C560B1A954"
"BLE Beacon","00050001-0000-1000-8000-00805F9B0131","6","34412","2018/07/23 09:28:35.325 PM","1532348915325","27.0","59.0","-61","0201041AFF4C0002150005000100001000800000805F9B01310006866CC3"
"BLE Beacon","00050001-0000-1000-8000-00805F9B0131","1","33900","2018/07/23 09:28:37.098 PM","1532348917098","27.0","58.0","-61","0201041AFF4C0002150005000100001000800000805F9B01310001846CC3"
"BLE Beacon","00050001-0000-1000-8000-00805F9B0131","2","34155","2018/07/23 09:28:37.293 PM","1532348917293","26.0","58.0","-61","0201041AFF4C0002150005000100001000800000805F9B01310002856BC3"
"BLE Beacon","A7C9A8FC-6DB8-F137-6F9E-8110F17ECA27","50528","45481","2018/07/23 09:28:37.605 PM","1532348917605","69.0","80.0","84","1EFF06000109200215A7C9A8FC6DB8F1376F9E8110F17ECA27C560B1A954"
"BLE Beacon","A7C9A8FC-6DB8-F137-6F9E-8110F17ECA27","50528","45481","2018/07/23 09:28:37.703 PM","1532348917703","69.0","80.0","84","1EFF06000109200215A7C9A8FC6DB8F1376F9E8110F17ECA27C560B1A954"
"BLE Beacon","A7C9A8FC-6DB8-F137-6F9E-8110F17ECA27","50528","45481","2018/07/23 09:28:37.809 PM","1532348917809","69.0","80.0","84","1EFF06000109200215A7C9A8FC6DB8F1376F9E8110F17ECA27C560B1A954"
"BLE Beacon","00050001-0000-1000-8000-00805F9B0131","6","34412","2018/07/23 09:28:38.363 PM","1532348918363","27.0","59.0","-61","0201041AFF4C0002150005000100001000800000805F9B01310006866CC3"
"BLE Beacon","A7C9A8FC-6DB8-F137-6F9E-8110F17ECA27","50528","45481","2018/07/23 09:28:38.766 PM","1532348918766","69.0","80.0","84","1EFF06000109200215A7C9A8FC6DB8F1376F9E8110F17ECA27C560B1A954"
"BLE Beacon","A7C9A8FC-6DB8-F137-6F9E-8110F17ECA27","50528","45481","2018/07/23 09:28:38.986 PM","1532348918986","69.0","80.0","84","1EFF06000109200215A7C9A8FC6DB8F1376F9E8110F17ECA27C560B1A954"
"BLE Beacon","A7C9A8FC-6DB8-F137-6F9E-8110F17ECA27","50528","45481","2018/07/23 09:28:39.821 PM","1532348919821","69.0","80.0","84","1EFF06000109200215A7C9A8FC6DB8F1376F9E8110F17ECA27C560B1A954"
"BLE Beacon","00050001-0000-1000-8000-00805F9B0131","1","33900","2018/07/23 09:28:40.457 PM","1532348920457","27.0","58.0","-61","0201041AFF4C0002150005000100001000800000805F9B01310001846CC3"
"BLE Beacon","00050001-0000-1000-8000-00805F9B0131","2","34155","2018/07/23 09:28:40.599 PM","1532348920599","26.0","58.0","-61","0201041AFF4C0002150005000100001000800000805F9B01310002856BC3"
"BLE Beacon","A7C9A8FC-6DB8-F137-6F9E-8110F17ECA27","50528","45481","2018/07/23 09:28:40.982 PM","1532348920982","69.0","80.0","84","1EFF06000109200215A7C9A8FC6DB8F1376F9E8110F17ECA27C560B1A954"
"BLE Beacon","A7C9A8FC-6DB8-F137-6F9E-8110F17ECA27","50528","45481","2018/07/23 09:28:41.187 PM","1532348921187","69.0","80.0","84","1EFF06000109200215A7C9A8FC6DB8F1376F9E8110F17ECA27C560B1A954"
"BLE Beacon","00050001-0000-1000-8000-00805F9B0131","6","34412","2018/07/23 09:28:41.309 PM","1532348921309","27.0","59.0","-61","0201041AFF4C0002150005000100001000800000805F9B01310006866CC3"
"BLE Beacon","A7C9A8FC-6DB8-F137-6F9E-8110F17ECA27","50528","45481","2018/07/23 09:28:42.133 PM","1532348922133","69.0","80.0","84","1EFF06000109200215A7C9A8FC6DB8F1376F9E8110F17ECA27C560B1A954"
"BLE Beacon","A7C9A8FC-6DB8-F137-6F9E-8110F17ECA27","50528","45481","2018/07/23 09:28:43.379 PM","1532348923379","69.0","80.0","84","1EFF06000109200215A7C9A8FC6DB8F1376F9E8110F17ECA27C560B1A954"
"BLE Beacon","00050001-0000-1000-8000-00805F9B0131","1","33900","2018/07/23 09:28:43.794 PM","1532348923794","27.0","58.0","-61","0201041AFF4C0002150005000100001000800000805F9B01310001846CC3"
"BLE Beacon","00050001-0000-1000-8000-00805F9B0131","2","34155","2018/07/23 09:28:43.921 PM","1532348923921","26.0","58.0","-61","0201041AFF4C0002150005000100001000800000805F9B01310002856BC3"
"BLE Beacon","00050001-0000-1000-8000-00805F9B0131","6","34412","2018/07/23 09:28:44.329 PM","1532348924329","27.0","59.0","-61","0201041AFF4C0002150005000100001000800000805F9B01310006866CC3"
"BLE Beacon","A7C9A8FC-6DB8-F137-6F9E-8110F17ECA27","50528","45481","2018/07/23 09:28:44.448 PM","1532348924448","69.0","80.0","84","1EFF06000109200215A7C9A8FC6DB8F1376F9E8110F17ECA27C560B1A954"
"BLE Beacon","A7C9A8FC-6DB8-F137-6F9E-8110F17ECA27","50528","45481","2018/07/23 09:28:44.519 PM","1532348924519","69.0","80.0","84","1EFF06000109200215A7C9A8FC6DB8F1376F9E8110F17ECA27C560B1A954"
"BLE Beacon","A7C9A8FC-6DB8-F137-6F9E-8110F17ECA27","50528","45481","2018/07/23 09:28:45.485 PM","1532348925485","69.0","80.0","84","1EFF06000109200215A7C9A8FC6DB8F1376F9E8110F17ECA27C560B1A954"
"BLE Beacon","A7C9A8FC-6DB8-F137-6F9E-8110F17ECA27","50528","45481","2018/07/23 09:28:45.588 PM","1532348925588","69.0","80.0","84","1EFF06000109200215A7C9A8FC6DB8F1376F9E8110F17ECA27C560B1A954"
"BLE Beacon","A7C9A8FC-6DB8-F137-6F9E-8110F17ECA27","50528","45481","2018/07/23 09:28:45.689 PM","1532348925689","69.0","80.0","84","1EFF06000109200215A7C9A8FC6DB8F1376F9E8110F17ECA27C560B1A954"
"BLE Beacon","A7C9A8FC-6DB8-F137-6F9E-8110F17ECA27","50528","45481","2018/07/23 09:28:46.536 PM","1532348926536","69.0","80.0","84","1EFF06000109200215A7C9A8FC6DB8F1376F9E8110F17ECA27C560B1A954"
"BLE Beacon","A7C9A8FC-6DB8-F137-6F9E-8110F17ECA27","50528","45481","2018/07/23 09:28:46.634 PM","1532348926634","69.0","80.0","84","1EFF06000109200215A7C9A8FC6DB8F1376F9E8110F17ECA27C560B1A954"
"BLE Beacon","A7C9A8FC-6DB8-F137-6F9E-8110F17ECA27","50528","45481","2018/07/23 09:28:46.868 PM","1532348926868","69.0","80.0","84","1EFF06000109200215A7C9A8FC6DB8F1376F9E8110F17ECA27C560B1A954"
"BLE Beacon","00050001-0000-1000-8000-00805F9B0131","1","33900","2018/07/23 09:28:47.142 PM","1532348927142","27.0","58.0","-61","0201041AFF4C0002150005000100001000800000805F9B01310001846CC3"
"BLE Beacon","00050001-0000-1000-8000-00805F9B0131","2","34155","2018/07/23 09:28:47.212 PM","1532348927212","26.0","58.0","-61","0201041AFF4C0002150005000100001000800000805F9B01310002856BC3"
"BLE Beacon","00050001-0000-1000-8000-00805F9B0131","6","34412","2018/07/23 09:28:47.299 PM","1532348927299","27.0","59.0","-61","0201041AFF4C0002150005000100001000800000805F9B01310006866CC3"
"BLE Beacon","A7C9A8FC-6DB8-F137-6F9E-8110F17ECA27","50528","45481","2018/07/23 09:28:47.894 PM","1532348927894","69.0","80.0","84","1EFF06000109200215A7C9A8FC6DB8F1376F9E8110F17ECA27C560B1A954"
"BLE Beacon","A7C9A8FC-6DB8-F137-6F9E-8110F17ECA27","50528","45481","2018/07/23 09:28:48.839 PM","1532348928839","69.0","80.0","84","1EFF06000109200215A7C9A8FC6DB8F1376F9E8110F17ECA27C560B1A954"
"BLE Beacon","A7C9A8FC-6DB8-F137-6F9E-8110F17ECA27","50528","45481","2018/07/23 09:28:48.935 PM","1532348928935","69.0","80.0","84","1EFF06000109200215A7C9A8FC6DB8F1376F9E8110F17ECA27C560B1A954"
"BLE Beacon","A7C9A8FC-6DB8-F137-6F9E-8110F17ECA27","50528","45481","2018/07/23 09:28:49.994 PM","1532348929994","69.0","80.0","84","1EFF06000109200215A7C9A8FC6DB8F1376F9E8110F17ECA27C560B1A954"
"BLE Beacon","A7C9A8FC-6DB8-F137-6F9E-8110F17ECA27","50528","45481","2018/07/23 09:28:50.195 PM","1532348930195","69.0","80.0","84","1EFF06000109200215A7C9A8FC6DB8F1376F9E8110F17ECA27C560B1A954"
"BLE Beacon","00050001-0000-1000-8000-00805F9B0131","6","34412","2018/07/23 09:28:50.275 PM","1532348930275","27.0","59.0","-61","0201041AFF4C0002150005000100001000800000805F9B01310006866CC3"
"BLE Beacon","00050001-0000-1000-8000-00805F9B0131","1","33900","2018/07/23 09:28:50.508 PM","1532348930508","27.0","58.0","-61","0201041AFF4C0002150005000100001000800000805F9B01310001846CC3"
"BLE Beacon","00050001-0000-1000-8000-00805F9B0131","2","34155","2018/07/23 09:28:50.547 PM","1532348930547","26.0","58.0","-61","0201041AFF4C0002150005000100001000800000805F9B01310002856BC3"
"BLE Beacon","A7C9A8FC-6DB8-F137-6F9E-8110F17ECA27","50528","45481","2018/07/23 09:28:51.036 PM","1532348931036","69.0","80.0","84","1EFF06000109200215A7C9A8FC6DB8F1376F9E8110F17ECA27C560B1A954"
"BLE Beacon","A7C9A8FC-6DB8-F137-6F9E-8110F17ECA27","50528","45481","2018/07/23 09:28:51.131 PM","1532348931131","69.0","80.0","84","1EFF06000109200215A7C9A8FC6DB8F1376F9E8110F17ECA27C560B1A954"
"BLE Beacon","A7C9A8FC-6DB8-F137-6F9E-8110F17ECA27","50528","45481","2018/07/23 09:28:51.234 PM","1532348931234","69.0","80.0","84","1EFF06000109200215A7C9A8FC6DB8F1376F9E8110F17ECA27C560B1A954"
"BLE Beacon","A7C9A8FC-6DB8-F137-6F9E-8110F17ECA27","50528","45481","2018/07/23 09:28:51.331 PM","1532348931331","69.0","80.0","84","1EFF06000109200215A7C9A8FC6DB8F1376F9E8110F17ECA27C560B1A954"
"BLE Beacon","00050001-0000-1000-8000-00805F9B0131","6","34412","2018/07/23 09:28:53.270 PM","1532348933270","27.0","59.0","-61","0201041AFF4C0002150005000100001000800000805F9B01310006866CC3"
"BLE Beacon","A7C9A8FC-6DB8-F137-6F9E-8110F17ECA27","50528","45481","2018/07/23 09:28:53.405 PM","1532348933405","69.0","80.0","84","1EFF06000109200215A7C9A8FC6DB8F1376F9E8110F17ECA27C560B1A954"
"BLE Beacon","A7C9A8FC-6DB8-F137-6F9E-8110F17ECA27","50528","45481","2018/07/23 09:28:53.521 PM","1532348933521","69.0","80.0","84","1EFF06000109200215A7C9A8FC6DB8F1376F9E8110F17ECA27C560B1A954"
"BLE Beacon","00050001-0000-1000-8000-00805F9B0131","2","34155","2018/07/23 09:28:53.837 PM","1532348933837","26.0","58.0","-61","0201041AFF4C0002150005000100001000800000805F9B01310002856BC3"
"BLE Beacon","00050001-0000-1000-8000-00805F9B0131","1","33900","2018/07/23 09:28:53.871 PM","1532348933871","27.0","58.0","-61","0201041AFF4C0002150005000100001000800000805F9B01310001846CC3"
"BLE Beacon","A7C9A8FC-6DB8-F137-6F9E-8110F17ECA27","50528","45481","2018/07/23 09:28:54.454 PM","1532348934454","69.0","80.0","84","1EFF06000109200215A7C9A8FC6DB8F1376F9E8110F17ECA27C560B1A954"
"BLE Beacon","A7C9A8FC-6DB8-F137-6F9E-8110F17ECA27","50528","45481","2018/07/23 09:28:55.621 PM","1532348935621","69.0","80.0","84","1EFF06000109200215A7C9A8FC6DB8F1376F9E8110F17ECA27C560B1A954"
"BLE Beacon","A7C9A8FC-6DB8-F137-6F9E-8110F17ECA27","50528","45481","2018/07/23 09:28:55.721 PM","1532348935721","69.0","80.0","84","1EFF06000109200215A7C9A8FC6DB8F1376F9E8110F17ECA27C560B1A954"
"BLE Beacon","A7C9A8FC-6DB8-F137-6F9E-8110F17ECA27","50528","45481","2018/07/23 09:28:55.838 PM","1532348935838","69.0","80.0","84","1EFF06000109200215A7C9A8FC6DB8F1376F9E8110F17ECA27C560B1A954"
"BLE Beacon","A7C9A8FC-6DB8-F137-6F9E-8110F17ECA27","50528","45481","2018/07/23 09:28:56.664 PM","1532348936664","69.0","80.0","84","1EFF06000109200215A7C9A8FC6DB8F1376F9E8110F17ECA27C560B1A954"
"BLE Beacon","A7C9A8FC-6DB8-F137-6F9E-8110F17ECA27","50528","45481","2018/07/23 09:28:56.763 PM","1532348936763","69.0","80.0","84","1EFF06000109200215A7C9A8FC6DB8F1376F9E8110F17ECA27C560B1A954"
"BLE Beacon","A7C9A8FC-6DB8-F137-6F9E-8110F17ECA27","50528","45481","2018/07/23 09:28:56.980 PM","1532348936980","69.0","80.0","84","1EFF06000109200215A7C9A8FC6DB8F1376F9E8110F17ECA27C560B1A954"
"BLE Beacon","00050001-0000-1000-8000-00805F9B0131","2","34155","2018/07/23 09:28:57.135 PM","1532348937135","26.0","58.0","-61","0201041AFF4C0002150005000100001000800000805F9B01310002856BC3"
"BLE Beacon","00050001-0000-1000-8000-00805F9B0131","1","33900","2018/07/23 09:28:57.207 PM","1532348937207","27.0","58.0","-61","0201041AFF4C0002150005000100001000800000805F9B01310001846CC3"
"BLE Beacon","A7C9A8FC-6DB8-F137-6F9E-8110F17ECA27","50528","45481","2018/07/23 09:28:57.835 PM","1532348937835","69.0","80.0","84","1EFF06000109200215A7C9A8FC6DB8F1376F9E8110F17ECA27C560B1A954"
"BLE Beacon","A7C9A8FC-6DB8-F137-6F9E-8110F17ECA27","50528","45481","2018/07/23 09:28:58.024 PM","1532348938024","69.0","80.0","84","1EFF06000109200215A7C9A8FC6DB8F1376F9E8110F17ECA27C560B1A954"
"BLE Beacon","00050001-0000-1000-8000-00805F9B0131","6","34412","2018/07/23 09:28:59.251 PM","1532348939251","27.0","59.0","-61","0201041AFF4C0002150005000100001000800000805F9B01310006866CC3"
"BLE Beacon","00050001-0000-1000-8000-00805F9B0131","2","34155","2018/07/23 09:29:00.443 PM","1532348940443","26.0","58.0","-61","0201041AFF4C0002150005000100001000800000805F9B01310002856BC3"
"BLE Beacon","00050001-0000-1000-8000-00805F9B0131","1","33900","2018/07/23 09:29:00.545 PM","1532348940545","27.0","58.0","-61","0201041AFF4C0002150005000100001000800000805F9B01310001846CC3"
"BLE Beacon","A7C9A8FC-6DB8-F137-6F9E-8110F17ECA27","50528","45481","2018/07/23 09:29:01.182 PM","1532348941182","69.0","80.0","84","1EFF06000109200215A7C9A8FC6DB8F1376F9E8110F17ECA27C560B1A954"
"BLE Beacon","A7C9A8FC-6DB8-F137-6F9E-8110F17ECA27","50528","45481","2018/07/23 09:29:01.263 PM","1532348941263","69.0","80.0","84","1EFF06000109200215A7C9A8FC6DB8F1376F9E8110F17ECA27C560B1A954"
"BLE Beacon","A7C9A8FC-6DB8-F137-6F9E-8110F17ECA27","50528","45481","2018/07/23 09:29:02.327 PM","1532348942327","69.0","80.0","84","1EFF06000109200215A7C9A8FC6DB8F1376F9E8110F17ECA27C560B1A954"
"BLE Beacon","A7C9A8FC-6DB8-F137-6F9E-8110F17ECA27","50528","45481","2018/07/23 09:29:03.576 PM","1532348943576","69.0","80.0","84","1EFF06000109200215A7C9A8FC6DB8F1376F9E8110F17ECA27C560B1A954"
"BLE Beacon","A7C9A8FC-6DB8-F137-6F9E-8110F17ECA27","50528","45481","2018/07/23 09:29:03.672 PM","1532348943672","69.0","80.0","84","1EFF06000109200215A7C9A8FC6DB8F1376F9E8110F17ECA27C560B1A954"
"BLE Beacon","00050001-0000-1000-8000-00805F9B0131","1","33900","2018/07/23 09:29:03.891 PM","1532348943891","27.0","58.0","-61","0201041AFF4C0002150005000100001000800000805F9B01310001846CC3"
"BLE Beacon","00050001-0000-1000-8000-00805F9B0131","6","34412","2018/07/23 09:29:05.303 PM","1532348945303","27.0","59.0","-61","0201041AFF4C0002150005000100001000800000805F9B01310006866CC3"
"BLE Beacon","A7C9A8FC-6DB8-F137-6F9E-8110F17ECA27","50528","45481","2018/07/23 09:29:05.706 PM","1532348945706","69.0","80.0","84","1EFF06000109200215A7C9A8FC6DB8F1376F9E8110F17ECA27C560B1A954"
"BLE Beacon","A7C9A8FC-6DB8-F137-6F9E-8110F17ECA27","50528","45481","2018/07/23 09:29:05.895 PM","1532348945895","69.0","80.0","84","1EFF06000109200215A7C9A8FC6DB8F1376F9E8110F17ECA27C560B1A954"
"BLE Beacon","A7C9A8FC-6DB8-F137-6F9E-8110F17ECA27","50528","45481","2018/07/23 09:29:06.927 PM","1532348946927","69.0","80.0","84","1EFF06000109200215A7C9A8FC6DB8F1376F9E8110F17ECA27C560B1A954"
"BLE Beacon","A7C9A8FC-6DB8-F137-6F9E-8110F17ECA27","50528","45481","2018/07/23 09:29:07.029 PM","1532348947029","69.0","80.0","84","1EFF06000109200215A7C9A8FC6DB8F1376F9E8110F17ECA27C560B1A954"
"BLE Beacon","00050001-0000-1000-8000-00805F9B0131","2","33900","2018/07/23 09:29:07.056 PM","1532348947056","27.0","58.0","-61","0201041AFF4C0002150005000100001000800000805F9B01310002846CC3"
"BLE Beacon","00050001-0000-1000-8000-00805F9B0131","1","33900","2018/07/23 09:29:07.254 PM","1532348947254","27.0","58.0","-61","0201041AFF4C0002150005000100001000800000805F9B01310001846CC3"
"BLE Beacon","A7C9A8FC-6DB8-F137-6F9E-8110F17ECA27","50528","45481","2018/07/23 09:29:08.096 PM","1532348948096","69.0","80.0","84","1EFF06000109200215A7C9A8FC6DB8F1376F9E8110F17ECA27C560B1A954"
"BLE Beacon","00050001-0000-1000-8000-00805F9B0131","6","34412","2018/07/23 09:29:08.215 PM","1532348948215","27.0","59.0","-61","0201041AFF4C0002150005000100001000800000805F9B01310006866CC3"
"BLE Beacon","A7C9A8FC-6DB8-F137-6F9E-8110F17ECA27","50528","45481","2018/07/23 09:29:09.140 PM","1532348949140","69.0","80.0","84","1EFF06000109200215A7C9A8FC6DB8F1376F9E8110F17ECA27C560B1A954"
"BLE Beacon","A7C9A8FC-6DB8-F137-6F9E-8110F17ECA27","50528","45481","2018/07/23 09:29:09.252 PM","1532348949252","69.0","80.0","84","1EFF06000109200215A7C9A8FC6DB8F1376F9E8110F17ECA27C560B1A954"
"BLE Beacon","A7C9A8FC-6DB8-F137-6F9E-8110F17ECA27","50528","45481","2018/07/23 09:29:09.350 PM","1532348949350","69.0","80.0","84","1EFF06000109200215A7C9A8FC6DB8F1376F9E8110F17ECA27C560B1A954"
"BLE Beacon","A7C9A8FC-6DB8-F137-6F9E-8110F17ECA27","50528","45481","2018/07/23 09:29:10.190 PM","1532348950190","69.0","80.0","84","1EFF06000109200215A7C9A8FC6DB8F1376F9E8110F17ECA27C560B1A954"
"BLE Beacon","00050001-0000-1000-8000-00805F9B0131","1","33644","2018/07/23 09:29:10.590 PM","1532348950590","27.0","57.0","-61","0201041AFF4C0002150005000100001000800000805F9B01310001836CC3"
"BLE Beacon","00050001-0000-1000-8000-00805F9B0131","6","34412","2018/07/23 09:29:11.206 PM","1532348951206","27.0","59.0","-61","0201041AFF4C0002150005000100001000800000805F9B01310006866CC3"
"BLE Beacon","A7C9A8FC-6DB8-F137-6F9E-8110F17ECA27","50528","45481","2018/07/23 09:29:13.226 PM","1532348953226","69.0","80.0","84","1EFF06000109200215A7C9A8FC6DB8F1376F9E8110F17ECA27C560B1A954"
"BLE Beacon","00050001-0000-1000-8000-00805F9B0131","2","33900","2018/07/23 09:29:13.666 PM","1532348953666","27.0","58.0","-61","0201041AFF4C0002150005000100001000800000805F9B01310002846CC3"
"BLE Beacon","00050001-0000-1000-8000-00805F9B0131","1","33644","2018/07/23 09:29:13.939 PM","1532348953939","27.0","57.0","-61","0201041AFF4C0002150005000100001000800000805F9B01310001836CC3"
"BLE Beacon","00050001-0000-1000-8000-00805F9B0131","6","34412","2018/07/23 09:29:14.195 PM","1532348954195","27.0","59.0","-61","0201041AFF4C0002150005000100001000800000805F9B01310006866CC3"
"BLE Beacon","A7C9A8FC-6DB8-F137-6F9E-8110F17ECA27","50528","45481","2018/07/23 09:29:14.713 PM","1532348954713","69.0","80.0","84","1EFF06000109200215A7C9A8FC6DB8F1376F9E8110F17ECA27C560B1A954"
"BLE Beacon","A7C9A8FC-6DB8-F137-6F9E-8110F17ECA27","50528","45481","2018/07/23 09:29:14.810 PM","1532348954810","69.0","80.0","84","1EFF06000109200215A7C9A8FC6DB8F1376F9E8110F17ECA27C560B1A954"
"BLE Beacon","00050001-0000-1000-8000-00805F9B0131","2","33900","2018/07/23 09:29:16.969 PM","1532348956969","27.0","58.0","-61","0201041AFF4C0002150005000100001000800000805F9B01310002846CC3"
"BLE Beacon","00050001-0000-1000-8000-00805F9B0131","6","34412","2018/07/23 09:29:17.187 PM","1532348957187","27.0","59.0","-61","0201041AFF4C0002150005000100001000800000805F9B01310006866CC3"
"BLE Beacon","A7C9A8FC-6DB8-F137-6F9E-8110F17ECA27","50528","45481","2018/07/23 09:29:18.225 PM","1532348958225","69.0","80.0","84","1EFF06000109200215A7C9A8FC6DB8F1376F9E8110F17ECA27C560B1A954"
"BLE Beacon","A7C9A8FC-6DB8-F137-6F9E-8110F17ECA27","50528","45481","2018/07/23 09:29:19.383 PM","1532348959383","69.0","80.0","84","1EFF06000109200215A7C9A8FC6DB8F1376F9E8110F17ECA27C560B1A954"
"BLE Beacon","00050001-0000-1000-8000-00805F9B0131","2","33900","2018/07/23 09:29:20.312 PM","1532348960312","27.0","58.0","-61","0201041AFF4C0002150005000100001000800000805F9B01310002846CC3"
"BLE Beacon","A7C9A8FC-6DB8-F137-6F9E-8110F17ECA27","50528","45481","2018/07/23 09:29:20.545 PM","1532348960545","69.0","80.0","84","1EFF06000109200215A7C9A8FC6DB8F1376F9E8110F17ECA27C560B1A954"
"BLE Beacon","A7C9A8FC-6DB8-F137-6F9E-8110F17ECA27","50528","45481","2018/07/23 09:29:22.819 PM","1532348962819","69.0","80.0","84","1EFF06000109200215A7C9A8FC6DB8F1376F9E8110F17ECA27C560B1A954"
"BLE Beacon","00050001-0000-1000-8000-00805F9B0131","6","34412","2018/07/23 09:29:23.164 PM","1532348963164","27.0","59.0","-61","0201041AFF4C0002150005000100001000800000805F9B01310006866CC3"
"BLE Beacon","A7C9A8FC-6DB8-F137-6F9E-8110F17ECA27","50528","45481","2018/07/23 09:29:23.685 PM","1532348963685","69.0","80.0","84","1EFF06000109200215A7C9A8FC6DB8F1376F9E8110F17ECA27C560B1A954"
"BLE Beacon","00050001-0000-1000-8000-00805F9B0131","1","33644","2018/07/23 09:29:23.985 PM","1532348963985","27.0","57.0","-61","0201041AFF4C0002150005000100001000800000805F9B01310001836CC3"
"BLE Beacon","A7C9A8FC-6DB8-F137-6F9E-8110F17ECA27","50528","45481","2018/07/23 09:29:25.148 PM","1532348965148","69.0","80.0","84","1EFF06000109200215A7C9A8FC6DB8F1376F9E8110F17ECA27C560B1A954"
"BLE Beacon","A7C9A8FC-6DB8-F137-6F9E-8110F17ECA27","50528","45481","2018/07/23 09:29:25.980 PM","1532348965980","69.0","80.0","84","1EFF06000109200215A7C9A8FC6DB8F1376F9E8110F17ECA27C560B1A954"
"BLE Beacon","00050001-0000-1000-8000-00805F9B0131","6","34412","2018/07/23 09:29:26.157 PM","1532348966157","27.0","59.0","-61","0201041AFF4C0002150005000100001000800000805F9B01310006866CC3"
"BLE Beacon","00050001-0000-1000-8000-00805F9B0131","2","33900","2018/07/23 09:29:26.888 PM","1532348966888","27.0","58.0","-61","0201041AFF4C0002150005000100001000800000805F9B01310002846CC3"
"BLE Beacon","A7C9A8FC-6DB8-F137-6F9E-8110F17ECA27","50528","45481","2018/07/23 09:29:27.260 PM","1532348967260","69.0","80.0","84","1EFF06000109200215A7C9A8FC6DB8F1376F9E8110F17ECA27C560B1A954"
"BLE Beacon","00050001-0000-1000-8000-00805F9B0131","1","33644","2018/07/23 09:29:27.333 PM","1532348967333","27.0","57.0","-61","0201041AFF4C0002150005000100001000800000805F9B01310001836CC3"
"BLE Beacon","A7C9A8FC-6DB8-F137-6F9E-8110F17ECA27","50528","45481","2018/07/23 09:29:28.209 PM","1532348968209","69.0","80.0","84","1EFF06000109200215A7C9A8FC6DB8F1376F9E8110F17ECA27C560B1A954"
"BLE Beacon","A7C9A8FC-6DB8-F137-6F9E-8110F17ECA27","50528","45481","2018/07/23 09:29:28.425 PM","1532348968425","69.0","80.0","84","1EFF06000109200215A7C9A8FC6DB8F1376F9E8110F17ECA27C560B1A954"
"BLE Beacon","A7C9A8FC-6DB8-F137-6F9E-8110F17ECA27","50528","45481","2018/07/23 09:29:28.523 PM","1532348968523","69.0","80.0","84","1EFF06000109200215A7C9A8FC6DB8F1376F9E8110F17ECA27C560B1A954"
"BLE Beacon","00050001-0000-1000-8000-00805F9B0131","6","34156","2018/07/23 09:29:29.144 PM","1532348969144","27.0","58.0","-61","0201041AFF4C0002150005000100001000800000805F9B01310006856CC3"
"BLE Beacon","A7C9A8FC-6DB8-F137-6F9E-8110F17ECA27","50528","45481","2018/07/23 09:29:29.355 PM","1532348969355","69.0","80.0","84","1EFF06000109200215A7C9A8FC6DB8F1376F9E8110F17ECA27C560B1A954"
"BLE Beacon","A7C9A8FC-6DB8-F137-6F9E-8110F17ECA27","50528","45481","2018/07/23 09:29:29.456 PM","1532348969456","69.0","80.0","84","1EFF06000109200215A7C9A8FC6DB8F1376F9E8110F17ECA27C560B1A954"
"BLE Beacon","00050001-0000-1000-8000-00805F9B0131","2","33900","2018/07/23 09:29:30.190 PM","1532348970190","27.0","58.0","-61","0201041AFF4C0002150005000100001000800000805F9B01310002846CC3"
"BLE Beacon","00050001-0000-1000-8000-00805F9B0131","1","33644","2018/07/23 09:29:30.682 PM","1532348970682","27.0","57.0","-61","0201041AFF4C0002150005000100001000800000805F9B01310001836CC3"
"BLE Beacon","A7C9A8FC-6DB8-F137-6F9E-8110F17ECA27","50528","45481","2018/07/23 09:29:31.776 PM","1532348971776","69.0","80.0","84","1EFF06000109200215A7C9A8FC6DB8F1376F9E8110F17ECA27C560B1A954"
"BLE Beacon","A7C9A8FC-6DB8-F137-6F9E-8110F17ECA27","50528","45481","2018/07/23 09:29:31.867 PM","1532348971867","69.0","80.0","84","1EFF06000109200215A7C9A8FC6DB8F1376F9E8110F17ECA27C560B1A954"
"BLE Beacon","00050001-0000-1000-8000-00805F9B0131","6","34156","2018/07/23 09:29:32.135 PM","1532348972135","27.0","58.0","-61","0201041AFF4C0002150005000100001000800000805F9B01310006856CC3"
"BLE Beacon","A7C9A8FC-6DB8-F137-6F9E-8110F17ECA27","50528","45481","2018/07/23 09:29:32.810 PM","1532348972810","69.0","80.0","84","1EFF06000109200215A7C9A8FC6DB8F1376F9E8110F17ECA27C560B1A954"
"BLE Beacon","00050001-0000-1000-8000-00805F9B0131","2","33900","2018/07/23 09:29:33.520 PM","1532348973520","27.0","58.0","-61","0201041AFF4C0002150005000100001000800000805F9B01310002846CC3"
"BLE Beacon","00050001-0000-1000-8000-00805F9B0131","1","33644","2018/07/23 09:29:34.031 PM","1532348974031","27.0","57.0","-61","0201041AFF4C0002150005000100001000800000805F9B01310001836CC3"
"BLE Beacon","00050001-0000-1000-8000-00805F9B0131","6","34156","2018/07/23 09:29:35.126 PM","1532348975126","27.0","58.0","-61","0201041AFF4C0002150005000100001000800000805F9B01310006856CC3"
"BLE Beacon","A7C9A8FC-6DB8-F137-6F9E-8110F17ECA27","50528","45481","2018/07/23 09:29:36.055 PM","1532348976055","69.0","80.0","84","1EFF06000109200215A7C9A8FC6DB8F1376F9E8110F17ECA27C560B1A954"
"BLE Beacon","00050001-0000-1000-8000-00805F9B0131","2","33900","2018/07/23 09:29:36.798 PM","1532348976798","27.0","58.0","-61","0201041AFF4C0002150005000100001000800000805F9B01310002846CC3"
"BLE Beacon","A7C9A8FC-6DB8-F137-6F9E-8110F17ECA27","50528","45481","2018/07/23 09:29:37.198 PM","1532348977198","69.0","80.0","84","1EFF06000109200215A7C9A8FC6DB8F1376F9E8110F17ECA27C560B1A954"
"BLE Beacon","A7C9A8FC-6DB8-F137-6F9E-8110F17ECA27","50528","45481","2018/07/23 09:29:37.299 PM","1532348977299","69.0","80.0","84","1EFF06000109200215A7C9A8FC6DB8F1376F9E8110F17ECA27C560B1A954"
"BLE Beacon","00050001-0000-1000-8000-00805F9B0131","1","33644","2018/07/23 09:29:37.380 PM","1532348977380","27.0","57.0","-61","0201041AFF4C0002150005000100001000800000805F9B01310001836CC3"
"BLE Beacon","A7C9A8FC-6DB8-F137-6F9E-8110F17ECA27","50528","45481","2018/07/23 09:29:37.419 PM","1532348977419","69.0","80.0","84","1EFF06000109200215A7C9A8FC6DB8F1376F9E8110F17ECA27C560B1A954"
"BLE Beacon","00050001-0000-1000-8000-00805F9B0131","6","34156","2018/07/23 09:29:38.115 PM","1532348978115","27.0","58.0","-61","0201041AFF4C0002150005000100001000800000805F9B01310006856CC3"
"BLE Beacon","A7C9A8FC-6DB8-F137-6F9E-8110F17ECA27","50528","45481","2018/07/23 09:29:38.488 PM","1532348978488","69.0","80.0","84","1EFF06000109200215A7C9A8FC6DB8F1376F9E8110F17ECA27C560B1A954"
"BLE Beacon","A7C9A8FC-6DB8-F137-6F9E-8110F17ECA27","50528","45481","2018/07/23 09:29:39.607 PM","1532348979607","69.0","80.0","84","1EFF06000109200215A7C9A8FC6DB8F1376F9E8110F17ECA27C560B1A954"
"BLE Beacon","A7C9A8FC-6DB8-F137-6F9E-8110F17ECA27","50528","45481","2018/07/23 09:29:39.705 PM","1532348979705","69.0","80.0","84","1EFF06000109200215A7C9A8FC6DB8F1376F9E8110F17ECA27C560B1A954"
"BLE Beacon","A7C9A8FC-6DB8-F137-6F9E-8110F17ECA27","50528","45481","2018/07/23 09:29:40.043 PM","1532348980043","69.0","80.0","84","1EFF06000109200215A7C9A8FC6DB8F1376F9E8110F17ECA27C560B1A954"
"BLE Beacon","00050001-0000-1000-8000-00805F9B0131","2","33900","2018/07/23 09:29:40.101 PM","1532348980101","27.0","58.0","-61","0201041AFF4C0002150005000100001000800000805F9B01310002846CC3"
"BLE Beacon","00050001-0000-1000-8000-00805F9B0131","1","33644","2018/07/23 09:29:40.738 PM","1532348980738","27.0","57.0","-61","0201041AFF4C0002150005000100001000800000805F9B01310001836CC3"
"BLE Beacon","00050001-0000-1000-8000-00805F9B0131","6","34412","2018/07/23 09:29:41.147 PM","1532348981147","27.0","59.0","-61","0201041AFF4C0002150005000100001000800000805F9B01310006866CC3"
"BLE Beacon","A7C9A8FC-6DB8-F137-6F9E-8110F17ECA27","50528","45481","2018/07/23 09:29:41.792 PM","1532348981792","69.0","80.0","84","1EFF06000109200215A7C9A8FC6DB8F1376F9E8110F17ECA27C560B1A954"
"BLE Beacon","A7C9A8FC-6DB8-F137-6F9E-8110F17ECA27","50528","45481","2018/07/23 09:29:42.844 PM","1532348982844","69.0","80.0","84","1EFF06000109200215A7C9A8FC6DB8F1376F9E8110F17ECA27C560B1A954"
"BLE Beacon","A7C9A8FC-6DB8-F137-6F9E-8110F17ECA27","50528","45481","2018/07/23 09:29:42.947 PM","1532348982947","69.0","80.0","84","1EFF06000109200215A7C9A8FC6DB8F1376F9E8110F17ECA27C560B1A954"
"BLE Beacon","00050001-0000-1000-8000-00805F9B0131","2","33900","2018/07/23 09:29:43.417 PM","1532348983417","27.0","58.0","-61","0201041AFF4C0002150005000100001000800000805F9B01310002846CC3"
"BLE Beacon","A7C9A8FC-6DB8-F137-6F9E-8110F17ECA27","50528","45481","2018/07/23 09:29:43.993 PM","1532348983993","69.0","80.0","84","1EFF06000109200215A7C9A8FC6DB8F1376F9E8110F17ECA27C560B1A954"
"BLE Beacon","00050001-0000-1000-8000-00805F9B0131","1","33644","2018/07/23 09:29:44.078 PM","1532348984078","27.0","57.0","-61","0201041AFF4C0002150005000100001000800000805F9B01310001836CC3"
"BLE Beacon","00050001-0000-1000-8000-00805F9B0131","6","34156","2018/07/23 09:29:44.099 PM","1532348984099","27.0","58.0","-61","0201041AFF4C0002150005000100001000800000805F9B01310006856CC3"
"BLE Beacon","A7C9A8FC-6DB8-F137-6F9E-8110F17ECA27","50528","45481","2018/07/23 09:29:45.133 PM","1532348985133","69.0","80.0","84","1EFF06000109200215A7C9A8FC6DB8F1376F9E8110F17ECA27C560B1A954"
"BLE Beacon","A7C9A8FC-6DB8-F137-6F9E-8110F17ECA27","50528","45481","2018/07/23 09:29:45.238 PM","1532348985238","69.0","80.0","84","1EFF06000109200215A7C9A8FC6DB8F1376F9E8110F17ECA27C560B1A954"
"BLE Beacon","00050001-0000-1000-8000-00805F9B0131","2","33900","2018/07/23 09:29:46.714 PM","1532348986714","27.0","58.0","-61","0201041AFF4C0002150005000100001000800000805F9B01310002846CC3"
"BLE Beacon","00050001-0000-1000-8000-00805F9B0131","6","34156","2018/07/23 09:29:47.089 PM","1532348987089","27.0","58.0","-61","0201041AFF4C0002150005000100001000800000805F9B01310006856CC3"
"BLE Beacon","A7C9A8FC-6DB8-F137-6F9E-8110F17ECA27","50528","45481","2018/07/23 09:29:47.445 PM","1532348987445","69.0","80.0","84","1EFF06000109200215A7C9A8FC6DB8F1376F9E8110F17ECA27C560B1A954"
"BLE Beacon","A7C9A8FC-6DB8-F137-6F9E-8110F17ECA27","50528","45481","2018/07/23 09:29:47.640 PM","1532348987640","69.0","80.0","84","1EFF06000109200215A7C9A8FC6DB8F1376F9E8110F17ECA27C560B1A954"
"BLE Beacon","A7C9A8FC-6DB8-F137-6F9E-8110F17ECA27","50528","45481","2018/07/23 09:29:48.671 PM","1532348988671","69.0","80.0","84","1EFF06000109200215A7C9A8FC6DB8F1376F9E8110F17ECA27C560B1A954"
"BLE Beacon","A7C9A8FC-6DB8-F137-6F9E-8110F17ECA27","50528","45481","2018/07/23 09:29:50.022 PM","1532348990022","69.0","80.0","84","1EFF06000109200215A7C9A8FC6DB8F1376F9E8110F17ECA27C560B1A954"
"BLE Beacon","00050001-0000-1000-8000-00805F9B0131","2","33644","2018/07/23 09:29:50.045 PM","1532348990045","27.0","57.0","-61","0201041AFF4C0002150005000100001000800000805F9B01310002836CC3"
"BLE Beacon","00050001-0000-1000-8000-00805F9B0131","1","33644","2018/07/23 09:29:50.784 PM","1532348990784","27.0","57.0","-61","0201041AFF4C0002150005000100001000800000805F9B01310001836CC3"
"BLE Beacon","A7C9A8FC-6DB8-F137-6F9E-8110F17ECA27","50528","45481","2018/07/23 09:29:52.427 PM","1532348992427","69.0","80.0","84","1EFF06000109200215A7C9A8FC6DB8F1376F9E8110F17ECA27C560B1A954"
"BLE Beacon","00050001-0000-1000-8000-00805F9B0131","6","34156","2018/07/23 09:29:53.113 PM","1532348993113","27.0","58.0","-61","0201041AFF4C0002150005000100001000800000805F9B01310006856CC3"
"BLE Beacon","00050001-0000-1000-8000-00805F9B0131","2","33900","2018/07/23 09:29:53.321 PM","1532348993321","27.0","58.0","-61","0201041AFF4C0002150005000100001000800000805F9B01310002846CC3"
"BLE Beacon","A7C9A8FC-6DB8-F137-6F9E-8110F17ECA27","50528","45481","2018/07/23 09:29:53.369 PM","1532348993369","69.0","80.0","84","1EFF06000109200215A7C9A8FC6DB8F1376F9E8110F17ECA27C560B1A954"
"BLE Beacon","A7C9A8FC-6DB8-F137-6F9E-8110F17ECA27","50528","45481","2018/07/23 09:29:53.589 PM","1532348993589","69.0","80.0","84","1EFF06000109200215A7C9A8FC6DB8F1376F9E8110F17ECA27C560B1A954"
"BLE Beacon","00050001-0000-1000-8000-00805F9B0131","1","33644","2018/07/23 09:29:54.132 PM","1532348994132","27.0","57.0","-61","0201041AFF4C0002150005000100001000800000805F9B01310001836CC3"
"BLE Beacon","A7C9A8FC-6DB8-F137-6F9E-8110F17ECA27","50528","45481","2018/07/23 09:29:54.631 PM","1532348994631","69.0","80.0","84","1EFF06000109200215A7C9A8FC6DB8F1376F9E8110F17ECA27C560B1A954"
"BLE Beacon","A7C9A8FC-6DB8-F137-6F9E-8110F17ECA27","50528","45481","2018/07/23 09:29:55.584 PM","1532348995584","69.0","80.0","84","1EFF06000109200215A7C9A8FC6DB8F1376F9E8110F17ECA27C560B1A954"
"BLE Beacon","A7C9A8FC-6DB8-F137-6F9E-8110F17ECA27","50528","45481","2018/07/23 09:29:55.684 PM","1532348995684","69.0","80.0","84","1EFF06000109200215A7C9A8FC6DB8F1376F9E8110F17ECA27C560B1A954"
"BLE Beacon","00050001-0000-1000-8000-00805F9B0131","2","33900","2018/07/23 09:29:56.630 PM","1532348996630","27.0","58.0","-61","0201041AFF4C0002150005000100001000800000805F9B01310002846CC3"
"BLE Beacon","A7C9A8FC-6DB8-F137-6F9E-8110F17ECA27","50528","45481","2018/07/23 09:29:56.739 PM","1532348996739","69.0","80.0","84","1EFF06000109200215A7C9A8FC6DB8F1376F9E8110F17ECA27C560B1A954"
"BLE Beacon","A7C9A8FC-6DB8-F137-6F9E-8110F17ECA27","50528","45481","2018/07/23 09:29:56.919 PM","1532348996919","69.0","80.0","84","1EFF06000109200215A7C9A8FC6DB8F1376F9E8110F17ECA27C560B1A954"
"BLE Beacon","A7C9A8FC-6DB8-F137-6F9E-8110F17ECA27","50528","45481","2018/07/23 09:29:57.022 PM","1532348997022","69.0","80.0","84","1EFF06000109200215A7C9A8FC6DB8F1376F9E8110F17ECA27C560B1A954"
"BLE Beacon","00050001-0000-1000-8000-00805F9B0131","1","33644","2018/07/23 09:29:57.472 PM","1532348997472","27.0","57.0","-61","0201041AFF4C0002150005000100001000800000805F9B01310001836CC3"
"BLE Beacon","A7C9A8FC-6DB8-F137-6F9E-8110F17ECA27","50528","45481","2018/07/23 09:29:57.979 PM","1532348997979","69.0","80.0","84","1EFF06000109200215A7C9A8FC6DB8F1376F9E8110F17ECA27C560B1A954"
"BLE Beacon","A7C9A8FC-6DB8-F137-6F9E-8110F17ECA27","50528","45481","2018/07/23 09:29:59.010 PM","1532348999010","69.0","80.0","84","1EFF06000109200215A7C9A8FC6DB8F1376F9E8110F17ECA27C560B1A954"
"BLE Beacon","A7C9A8FC-6DB8-F137-6F9E-8110F17ECA27","50528","45481","2018/07/23 09:29:59.110 PM","1532348999110","69.0","80.0","84","1EFF06000109200215A7C9A8FC6DB8F1376F9E8110F17ECA27C560B1A954"
"BLE Beacon","A7C9A8FC-6DB8-F137-6F9E-8110F17ECA27","50528","45481","2018/07/23 09:29:59.214 PM","1532348999214","69.0","80.0","84","1EFF06000109200215A7C9A8FC6DB8F1376F9E8110F17ECA27C560B1A954"
"BLE Beacon","00050001-0000-1000-8000-00805F9B0131","2","33900","2018/07/23 09:29:59.932 PM","1532348999932","27.0","58.0","-61","0201041AFF4C0002150005000100001000800000805F9B01310002846CC3"
"BLE Beacon","A7C9A8FC-6DB8-F137-6F9E-8110F17ECA27","50528","45481","2018/07/23 09:30:00.143 PM","1532349000143","69.0","80.0","84","1EFF06000109200215A7C9A8FC6DB8F1376F9E8110F17ECA27C560B1A954"
"BLE Beacon","00050001-0000-1000-8000-00805F9B0131","1","33644","2018/07/23 09:30:00.826 PM","1532349000826","27.0","57.0","-61","0201041AFF4C0002150005000100001000800000805F9B01310001836CC3"
"BLE Beacon","00050001-0000-1000-8000-00805F9B0131","6","34156","2018/07/23 09:30:02.083 PM","1532349002083","27.0","58.0","-61","0201041AFF4C0002150005000100001000800000805F9B01310006856CC3"
"BLE Beacon","00050001-0000-1000-8000-00805F9B0131","2","33644","2018/07/23 09:30:03.232 PM","1532349003232","27.0","57.0","-61","0201041AFF4C0002150005000100001000800000805F9B01310002836CC3"
"BLE Beacon","00050001-0000-1000-8000-00805F9B0131","1","33644","2018/07/23 09:30:04.179 PM","1532349004179","27.0","57.0","-61","0201041AFF4C0002150005000100001000800000805F9B01310001836CC3"
"BLE Beacon","A7C9A8FC-6DB8-F137-6F9E-8110F17ECA27","50528","45481","2018/07/23 09:30:04.741 PM","1532349004741","69.0","80.0","84","1EFF06000109200215A7C9A8FC6DB8F1376F9E8110F17ECA27C560B1A954"
"BLE Beacon","A7C9A8FC-6DB8-F137-6F9E-8110F17ECA27","50528","45481","2018/07/23 09:30:04.845 PM","1532349004845","69.0","80.0","84","1EFF06000109200215A7C9A8FC6DB8F1376F9E8110F17ECA27C560B1A954"
"BLE Beacon","00050001-0000-1000-8000-00805F9B0131","6","34156","2018/07/23 09:30:05.020 PM","1532349005020","27.0","58.0","-61","0201041AFF4C0002150005000100001000800000805F9B01310006856CC3"
"BLE Beacon","A7C9A8FC-6DB8-F137-6F9E-8110F17ECA27","50528","45481","2018/07/23 09:30:06.013 PM","1532349006013","69.0","80.0","84","1EFF06000109200215A7C9A8FC6DB8F1376F9E8110F17ECA27C560B1A954"
"BLE Beacon","00050001-0000-1000-8000-00805F9B0131","2","33644","2018/07/23 09:30:06.580 PM","1532349006580","27.0","57.0","-61","0201041AFF4C0002150005000100001000800000805F9B01310002836CC3"
"BLE Beacon","A7C9A8FC-6DB8-F137-6F9E-8110F17ECA27","50528","45481","2018/07/23 09:30:09.091 PM","1532349009091","69.0","80.0","84","1EFF06000109200215A7C9A8FC6DB8F1376F9E8110F17ECA27C560B1A954"
"BLE Beacon","A7C9A8FC-6DB8-F137-6F9E-8110F17ECA27","50528","45481","2018/07/23 09:30:09.169 PM","1532349009169","69.0","80.0","84","1EFF06000109200215A7C9A8FC6DB8F1376F9E8110F17ECA27C560B1A954"
"BLE Beacon","A7C9A8FC-6DB8-F137-6F9E-8110F17ECA27","50528","45481","2018/07/23 09:30:09.362 PM","1532349009362","69.0","80.0","84","1EFF06000109200215A7C9A8FC6DB8F1376F9E8110F17ECA27C560B1A954"
"BLE Beacon","00050001-0000-1000-8000-00805F9B0131","2","33644","2018/07/23 09:30:09.846 PM","1532349009846","27.0","57.0","-61","0201041AFF4C0002150005000100001000800000805F9B01310002836CC3"
"BLE Beacon","00050001-0000-1000-8000-00805F9B0131","6","34156","2018/07/23 09:30:11.049 PM","1532349011049","27.0","58.0","-61","0201041AFF4C0002150005000100001000800000805F9B01310006856CC3"
"BLE Beacon","A7C9A8FC-6DB8-F137-6F9E-8110F17ECA27","50528","45481","2018/07/23 09:30:11.355 PM","1532349011355","69.0","80.0","84","1EFF06000109200215A7C9A8FC6DB8F1376F9E8110F17ECA27C560B1A954"
"BLE Beacon","00050001-0000-1000-8000-00805F9B0131","2","33644","2018/07/23 09:30:13.154 PM","1532349013154","27.0","57.0","-61","0201041AFF4C0002150005000100001000800000805F9B01310002836CC3"
"BLE Beacon","A7C9A8FC-6DB8-F137-6F9E-8110F17ECA27","50528","45481","2018/07/23 09:30:13.565 PM","1532349013565","69.0","80.0","84","1EFF06000109200215A7C9A8FC6DB8F1376F9E8110F17ECA27C560B1A954"
"BLE Beacon","A7C9A8FC-6DB8-F137-6F9E-8110F17ECA27","50528","45481","2018/07/23 09:30:13.668 PM","1532349013668","69.0","80.0","84","1EFF06000109200215A7C9A8FC6DB8F1376F9E8110F17ECA27C560B1A954"
"BLE Beacon","00050001-0000-1000-8000-00805F9B0131","6","34156","2018/07/23 09:30:13.987 PM","1532349013987","27.0","58.0","-61","0201041AFF4C0002150005000100001000800000805F9B01310006856CC3"
"BLE Beacon","00050001-0000-1000-8000-00805F9B0131","1","33644","2018/07/23 09:30:14.220 PM","1532349014220","27.0","57.0","-61","0201041AFF4C0002150005000100001000800000805F9B01310001836CC3"
"BLE Beacon","A7C9A8FC-6DB8-F137-6F9E-8110F17ECA27","50528","45481","2018/07/23 09:30:15.378 PM","1532349015378","69.0","80.0","84","1EFF06000109200215A7C9A8FC6DB8F1376F9E8110F17ECA27C560B1A954"
"BLE Beacon","00050001-0000-1000-8000-00805F9B0131","2","33644","2018/07/23 09:30:16.453 PM","1532349016453","27.0","57.0","-61","0201041AFF4C0002150005000100001000800000805F9B01310002836CC3"
"BLE Beacon","00050001-0000-1000-8000-00805F9B0131","6","34156","2018/07/23 09:30:16.975 PM","1532349016975","27.0","58.0","-61","0201041AFF4C0002150005000100001000800000805F9B01310006856CC3"
"BLE Beacon","A7C9A8FC-6DB8-F137-6F9E-8110F17ECA27","50528","45481","2018/07/23 09:30:17.763 PM","1532349017763","69.0","80.0","84","1EFF06000109200215A7C9A8FC6DB8F1376F9E8110F17ECA27C560B1A954"
"BLE Beacon","A7C9A8FC-6DB8-F137-6F9E-8110F17ECA27","50528","45481","2018/07/23 09:30:17.863 PM","1532349017863","69.0","80.0","84","1EFF06000109200215A7C9A8FC6DB8F1376F9E8110F17ECA27C560B1A954"
"BLE Beacon","A7C9A8FC-6DB8-F137-6F9E-8110F17ECA27","50528","45481","2018/07/23 09:30:17.969 PM","1532349017969","69.0","80.0","84","1EFF06000109200215A7C9A8FC6DB8F1376F9E8110F17ECA27C560B1A954"
"BLE Beacon","A7C9A8FC-6DB8-F137-6F9E-8110F17ECA27","50528","45481","2018/07/23 09:30:19.111 PM","1532349019111","69.0","80.0","84","1EFF06000109200215A7C9A8FC6DB8F1376F9E8110F17ECA27C560B1A954"
"BLE Beacon","00050001-0000-1000-8000-00805F9B0131","2","33644","2018/07/23 09:30:19.755 PM","1532349019755","27.0","57.0","-61","0201041AFF4C0002150005000100001000800000805F9B01310002836CC3"
"BLE Beacon","00050001-0000-1000-8000-00805F9B0131","6","34156","2018/07/23 09:30:19.991 PM","1532349019991","27.0","58.0","-61","0201041AFF4C0002150005000100001000800000805F9B01310006856CC3"
"BLE Beacon","A7C9A8FC-6DB8-F137-6F9E-8110F17ECA27","50528","45481","2018/07/23 09:30:20.054 PM","1532349020054","69.0","80.0","84","1EFF06000109200215A7C9A8FC6DB8F1376F9E8110F17ECA27C560B1A954"
"BLE Beacon","A7C9A8FC-6DB8-F137-6F9E-8110F17ECA27","50528","45481","2018/07/23 09:30:20.154 PM","1532349020154","69.0","80.0","84","1EFF06000109200215A7C9A8FC6DB8F1376F9E8110F17ECA27C560B1A954"
"BLE Beacon","00050001-0000-1000-8000-00805F9B0131","1","33644","2018/07/23 09:30:20.917 PM","1532349020917","27.0","57.0","-61","0201041AFF4C0002150005000100001000800000805F9B01310001836CC3"
"BLE Beacon","A7C9A8FC-6DB8-F137-6F9E-8110F17ECA27","50528","45481","2018/07/23 09:30:21.307 PM","1532349021307","69.0","80.0","84","1EFF06000109200215A7C9A8FC6DB8F1376F9E8110F17ECA27C560B1A954"
"BLE Beacon","A7C9A8FC-6DB8-F137-6F9E-8110F17ECA27","50528","45481","2018/07/23 09:30:21.403 PM","1532349021403","69.0","80.0","84","1EFF06000109200215A7C9A8FC6DB8F1376F9E8110F17ECA27C560B1A954"
"BLE Beacon","A7C9A8FC-6DB8-F137-6F9E-8110F17ECA27","50528","45481","2018/07/23 09:30:22.238 PM","1532349022238","69.0","80.0","84","1EFF06000109200215A7C9A8FC6DB8F1376F9E8110F17ECA27C560B1A954"
"BLE Beacon","A7C9A8FC-6DB8-F137-6F9E-8110F17ECA27","50528","45481","2018/07/23 09:30:22.334 PM","1532349022334","69.0","80.0","84","1EFF06000109200215A7C9A8FC6DB8F1376F9E8110F17ECA27C560B1A954"
"BLE Beacon","A7C9A8FC-6DB8-F137-6F9E-8110F17ECA27","50528","45481","2018/07/23 09:30:22.438 PM","1532349022438","69.0","80.0","84","1EFF06000109200215A7C9A8FC6DB8F1376F9E8110F17ECA27C560B1A954"
"BLE Beacon","00050001-0000-1000-8000-00805F9B0131","6","34156","2018/07/23 09:30:22.953 PM","1532349022953","27.0","58.0","-61","0201041AFF4C0002150005000100001000800000805F9B01310006856CC3"
"BLE Beacon","00050001-0000-1000-8000-00805F9B0131","2","33644","2018/07/23 09:30:23.090 PM","1532349023090","27.0","57.0","-61","0201041AFF4C0002150005000100001000800000805F9B01310002836CC3"
"BLE Beacon","A7C9A8FC-6DB8-F137-6F9E-8110F17ECA27","50528","45481","2018/07/23 09:30:23.413 PM","1532349023413","69.0","80.0","84","1EFF06000109200215A7C9A8FC6DB8F1376F9E8110F17ECA27C560B1A954"
"BLE Beacon","A7C9A8FC-6DB8-F137-6F9E-8110F17ECA27","50528","45481","2018/07/23 09:30:23.480 PM","1532349023480","69.0","80.0","84","1EFF06000109200215A7C9A8FC6DB8F1376F9E8110F17ECA27C560B1A954"
"BLE Beacon","A7C9A8FC-6DB8-F137-6F9E-8110F17ECA27","50528","45481","2018/07/23 09:30:23.589 PM","1532349023589","69.0","80.0","84","1EFF06000109200215A7C9A8FC6DB8F1376F9E8110F17ECA27C560B1A954"
"BLE Beacon","A7C9A8FC-6DB8-F137-6F9E-8110F17ECA27","50528","45481","2018/07/23 09:30:23.694 PM","1532349023694","69.0","80.0","84","1EFF06000109200215A7C9A8FC6DB8F1376F9E8110F17ECA27C560B1A954"
"BLE Beacon","00050001-0000-1000-8000-00805F9B0131","1","33644","2018/07/23 09:30:24.278 PM","1532349024278","27.0","57.0","-61","0201041AFF4C0002150005000100001000800000805F9B01310001836CC3"
"BLE Beacon","A7C9A8FC-6DB8-F137-6F9E-8110F17ECA27","50528","45481","2018/07/23 09:30:24.630 PM","1532349024630","69.0","80.0","84","1EFF06000109200215A7C9A8FC6DB8F1376F9E8110F17ECA27C560B1A954"
"BLE Beacon","A7C9A8FC-6DB8-F137-6F9E-8110F17ECA27","50528","45481","2018/07/23 09:30:24.729 PM","1532349024729","69.0","80.0","84","1EFF06000109200215A7C9A8FC6DB8F1376F9E8110F17ECA27C560B1A954"
"BLE Beacon","A7C9A8FC-6DB8-F137-6F9E-8110F17ECA27","50528","45481","2018/07/23 09:30:25.783 PM","1532349025783","69.0","80.0","84","1EFF06000109200215A7C9A8FC6DB8F1376F9E8110F17ECA27C560B1A954"
"BLE Beacon","A7C9A8FC-6DB8-F137-6F9E-8110F17ECA27","50528","45481","2018/07/23 09:30:25.877 PM","1532349025877","69.0","80.0","84","1EFF06000109200215A7C9A8FC6DB8F1376F9E8110F17ECA27C560B1A954"
"BLE Beacon","00050001-0000-1000-8000-00805F9B0131","2","33644","2018/07/23 09:30:26.366 PM","1532349026366","27.0","57.0","-61","0201041AFF4C0002150005000100001000800000805F9B01310002836CC3"
"BLE Beacon","A7C9A8FC-6DB8-F137-6F9E-8110F17ECA27","50528","45481","2018/07/23 09:30:26.705 PM","1532349026705","69.0","80.0","84","1EFF06000109200215A7C9A8FC6DB8F1376F9E8110F17ECA27C560B1A954"
"BLE Beacon","A7C9A8FC-6DB8-F137-6F9E-8110F17ECA27","50528","45481","2018/07/23 09:30:26.816 PM","1532349026816","69.0","80.0","84","1EFF06000109200215A7C9A8FC6DB8F1376F9E8110F17ECA27C560B1A954"
"BLE Beacon","A7C9A8FC-6DB8-F137-6F9E-8110F17ECA27","50528","45481","2018/07/23 09:30:26.910 PM","1532349026910","69.0","80.0","84","1EFF06000109200215A7C9A8FC6DB8F1376F9E8110F17ECA27C560B1A954"
"BLE Beacon","00050001-0000-1000-8000-00805F9B0131","1","33644","2018/07/23 09:30:27.617 PM","1532349027617","27.0","57.0","-61","0201041AFF4C0002150005000100001000800000805F9B01310001836CC3"
"BLE Beacon","A7C9A8FC-6DB8-F137-6F9E-8110F17ECA27","50528","45481","2018/07/23 09:30:27.866 PM","1532349027866","69.0","80.0","84","1EFF06000109200215A7C9A8FC6DB8F1376F9E8110F17ECA27C560B1A954"
"BLE Beacon","A7C9A8FC-6DB8-F137-6F9E-8110F17ECA27","50528","45481","2018/07/23 09:30:27.961 PM","1532349027961","69.0","80.0","84","1EFF06000109200215A7C9A8FC6DB8F1376F9E8110F17ECA27C560B1A954"
"BLE Beacon","A7C9A8FC-6DB8-F137-6F9E-8110F17ECA27","50528","45481","2018/07/23 09:30:28.064 PM","1532349028064","69.0","80.0","84","1EFF06000109200215A7C9A8FC6DB8F1376F9E8110F17ECA27C560B1A954"
"BLE Beacon","A7C9A8FC-6DB8-F137-6F9E-8110F17ECA27","50528","45481","2018/07/23 09:30:28.166 PM","1532349028166","69.0","80.0","84","1EFF06000109200215A7C9A8FC6DB8F1376F9E8110F17ECA27C560B1A954"
"BLE Beacon","00050001-0000-1000-8000-00805F9B0131","6","34156","2018/07/23 09:30:28.930 PM","1532349028930","27.0","58.0","-61","0201041AFF4C0002150005000100001000800000805F9B01310006856CC3"
"BLE Beacon","A7C9A8FC-6DB8-F137-6F9E-8110F17ECA27","50528","45481","2018/07/23 09:30:29.113 PM","1532349029113","69.0","80.0","84","1EFF06000109200215A7C9A8FC6DB8F1376F9E8110F17ECA27C560B1A954"
"BLE Beacon","00050001-0000-1000-8000-00805F9B0131","2","33644","2018/07/23 09:30:29.663 PM","1532349029663","27.0","57.0","-61","0201041AFF4C0002150005000100001000800000805F9B01310002836CC3"
"BLE Beacon","A7C9A8FC-6DB8-F137-6F9E-8110F17ECA27","50528","45481","2018/07/23 09:30:30.388 PM","1532349030388","69.0","80.0","84","1EFF06000109200215A7C9A8FC6DB8F1376F9E8110F17ECA27C560B1A954"
"BLE Beacon","00050001-0000-1000-8000-00805F9B0131","1","33644","2018/07/23 09:30:30.962 PM","1532349030962","27.0","57.0","-61","0201041AFF4C0002150005000100001000800000805F9B01310001836CC3"
"BLE Beacon","A7C9A8FC-6DB8-F137-6F9E-8110F17ECA27","50528","45481","2018/07/23 09:30:31.295 PM","1532349031295","69.0","80.0","84","1EFF06000109200215A7C9A8FC6DB8F1376F9E8110F17ECA27C560B1A954"
"BLE Beacon","A7C9A8FC-6DB8-F137-6F9E-8110F17ECA27","50528","45481","2018/07/23 09:30:31.405 PM","1532349031405","69.0","80.0","84","1EFF06000109200215A7C9A8FC6DB8F1376F9E8110F17ECA27C560B1A954"
"BLE Beacon","A7C9A8FC-6DB8-F137-6F9E-8110F17ECA27","50528","45481","2018/07/23 09:30:31.495 PM","1532349031495","69.0","80.0","84","1EFF06000109200215A7C9A8FC6DB8F1376F9E8110F17ECA27C560B1A954"
"BLE Beacon","00050001-0000-1000-8000-00805F9B0131","6","34156","2018/07/23 09:30:31.923 PM","1532349031923","27.0","58.0","-61","0201041AFF4C0002150005000100001000800000805F9B01310006856CC3"
"BLE Beacon","A7C9A8FC-6DB8-F137-6F9E-8110F17ECA27","50528","45481","2018/07/23 09:30:32.446 PM","1532349032446","69.0","80.0","84","1EFF06000109200215A7C9A8FC6DB8F1376F9E8110F17ECA27C560B1A954"
"BLE Beacon","A7C9A8FC-6DB8-F137-6F9E-8110F17ECA27","50528","45481","2018/07/23 09:30:32.535 PM","1532349032535","69.0","80.0","84","1EFF06000109200215A7C9A8FC6DB8F1376F9E8110F17ECA27C560B1A954"
"BLE Beacon","A7C9A8FC-6DB8-F137-6F9E-8110F17ECA27","50528","45481","2018/07/23 09:30:32.639 PM","1532349032639","69.0","80.0","84","1EFF06000109200215A7C9A8FC6DB8F1376F9E8110F17ECA27C560B1A954"
"BLE Beacon","00050001-0000-1000-8000-00805F9B0131","2","33644","2018/07/23 09:30:32.978 PM","1532349032978","27.0","57.0","-61","0201041AFF4C0002150005000100001000800000805F9B01310002836CC3"
"BLE Beacon","00050001-0000-1000-8000-00805F9B0131","1","33644","2018/07/23 09:30:34.312 PM","1532349034312","27.0","57.0","-61","0201041AFF4C0002150005000100001000800000805F9B01310001836CC3"
"BLE Beacon","00050001-0000-1000-8000-00805F9B0131","6","34156","2018/07/23 09:30:34.905 PM","1532349034905","27.0","58.0","-61","0201041AFF4C0002150005000100001000800000805F9B01310006856CC3"
"BLE Beacon","A7C9A8FC-6DB8-F137-6F9E-8110F17ECA27","50528","45481","2018/07/23 09:30:35.794 PM","1532349035794","69.0","80.0","84","1EFF06000109200215A7C9A8FC6DB8F1376F9E8110F17ECA27C560B1A954"
"BLE Beacon","A7C9A8FC-6DB8-F137-6F9E-8110F17ECA27","50528","45481","2018/07/23 09:30:35.891 PM","1532349035891","69.0","80.0","84","1EFF06000109200215A7C9A8FC6DB8F1376F9E8110F17ECA27C560B1A954"
"BLE Beacon","A7C9A8FC-6DB8-F137-6F9E-8110F17ECA27","50528","45481","2018/07/23 09:30:35.996 PM","1532349035996","69.0","80.0","84","1EFF06000109200215A7C9A8FC6DB8F1376F9E8110F17ECA27C560B1A954"
"BLE Beacon","00050001-0000-1000-8000-00805F9B0131","2","33644","2018/07/23 09:30:36.266 PM","1532349036266","27.0","57.0","-61","0201041AFF4C0002150005000100001000800000805F9B01310002836CC3"
"BLE Beacon","A7C9A8FC-6DB8-F137-6F9E-8110F17ECA27","50528","45481","2018/07/23 09:30:36.921 PM","1532349036921","69.0","80.0","84","1EFF06000109200215A7C9A8FC6DB8F1376F9E8110F17ECA27C560B1A954"
"BLE Beacon","A7C9A8FC-6DB8-F137-6F9E-8110F17ECA27","50528","45481","2018/07/23 09:30:37.028 PM","1532349037028","69.0","80.0","84","1EFF06000109200215A7C9A8FC6DB8F1376F9E8110F17ECA27C560B1A954"
"BLE Beacon","A7C9A8FC-6DB8-F137-6F9E-8110F17ECA27","50528","45481","2018/07/23 09:30:37.131 PM","1532349037131","69.0","80.0","84","1EFF06000109200215A7C9A8FC6DB8F1376F9E8110F17ECA27C560B1A954"
"BLE Beacon","00050001-0000-1000-8000-00805F9B0131","1","33644","2018/07/23 09:30:37.665 PM","1532349037665","27.0","57.0","-61","0201041AFF4C0002150005000100001000800000805F9B01310001836CC3"
"BLE Beacon","00050001-0000-1000-8000-00805F9B0131","6","34156","2018/07/23 09:30:37.894 PM","1532349037894","27.0","58.0","-61","0201041AFF4C0002150005000100001000800000805F9B01310006856CC3"
"BLE Beacon","A7C9A8FC-6DB8-F137-6F9E-8110F17ECA27","50528","45481","2018/07/23 09:30:39.129 PM","1532349039129","69.0","80.0","84","1EFF06000109200215A7C9A8FC6DB8F1376F9E8110F17ECA27C560B1A954"
"BLE Beacon","A7C9A8FC-6DB8-F137-6F9E-8110F17ECA27","50528","45481","2018/07/23 09:30:39.333 PM","1532349039333","69.0","80.0","84","1EFF06000109200215A7C9A8FC6DB8F1376F9E8110F17ECA27C560B1A954"
"BLE Beacon","00050001-0000-1000-8000-00805F9B0131","2","33644","2018/07/23 09:30:39.574 PM","1532349039574","27.0","57.0","-61","0201041AFF4C0002150005000100001000800000805F9B01310002836CC3"
"BLE Beacon","A7C9A8FC-6DB8-F137-6F9E-8110F17ECA27","50528","45481","2018/07/23 09:30:40.284 PM","1532349040284","69.0","80.0","84","1EFF06000109200215A7C9A8FC6DB8F1376F9E8110F17ECA27C560B1A954"
"BLE Beacon","A7C9A8FC-6DB8-F137-6F9E-8110F17ECA27","50528","45481","2018/07/23 09:30:40.379 PM","1532349040379","69.0","80.0","84","1EFF06000109200215A7C9A8FC6DB8F1376F9E8110F17ECA27C560B1A954"
"BLE Beacon","A7C9A8FC-6DB8-F137-6F9E-8110F17ECA27","50528","45481","2018/07/23 09:30:40.489 PM","1532349040489","69.0","80.0","84","1EFF06000109200215A7C9A8FC6DB8F1376F9E8110F17ECA27C560B1A954"
"BLE Beacon","00050001-0000-1000-8000-00805F9B0131","6","34156","2018/07/23 09:30:40.886 PM","1532349040886","27.0","58.0","-61","0201041AFF4C0002150005000100001000800000805F9B01310006856CC3"
"BLE Beacon","00050001-0000-1000-8000-00805F9B0131","1","33644","2018/07/23 09:30:41.010 PM","1532349041010","27.0","57.0","-61","0201041AFF4C0002150005000100001000800000805F9B01310001836CC3"
"BLE Beacon","A7C9A8FC-6DB8-F137-6F9E-8110F17ECA27","50528","45481","2018/07/23 09:30:42.666 PM","1532349042666","69.0","80.0","84","1EFF06000109200215A7C9A8FC6DB8F1376F9E8110F17ECA27C560B1A954"
"BLE Beacon","A7C9A8FC-6DB8-F137-6F9E-8110F17ECA27","50528","45481","2018/07/23 09:30:42.756 PM","1532349042756","69.0","80.0","84","1EFF06000109200215A7C9A8FC6DB8F1376F9E8110F17ECA27C560B1A954"
"BLE Beacon","00050001-0000-1000-8000-00805F9B0131","2","33644","2018/07/23 09:30:42.880 PM","1532349042880","27.0","57.0","-61","0201041AFF4C0002150005000100001000800000805F9B01310002836CC3"
"BLE Beacon","A7C9A8FC-6DB8-F137-6F9E-8110F17ECA27","50528","45481","2018/07/23 09:30:43.588 PM","1532349043588","69.0","80.0","84","1EFF06000109200215A7C9A8FC6DB8F1376F9E8110F17ECA27C560B1A954"
"BLE Beacon","00050001-0000-1000-8000-00805F9B0131","6","34156","2018/07/23 09:30:43.873 PM","1532349043873","27.0","58.0","-61","0201041AFF4C0002150005000100001000800000805F9B01310006856CC3"
"BLE Beacon","00050001-0000-1000-8000-00805F9B0131","1","33644","2018/07/23 09:30:44.362 PM","1532349044362","27.0","57.0","-61","0201041AFF4C0002150005000100001000800000805F9B01310001836CC3"
"BLE Beacon","A7C9A8FC-6DB8-F137-6F9E-8110F17ECA27","50528","45481","2018/07/23 09:30:44.839 PM","1532349044839","69.0","80.0","84","1EFF06000109200215A7C9A8FC6DB8F1376F9E8110F17ECA27C560B1A954"
"BLE Beacon","A7C9A8FC-6DB8-F137-6F9E-8110F17ECA27","50528","45481","2018/07/23 09:30:45.052 PM","1532349045052","69.0","80.0","84","1EFF06000109200215A7C9A8FC6DB8F1376F9E8110F17ECA27C560B1A954"
"BLE Beacon","A7C9A8FC-6DB8-F137-6F9E-8110F17ECA27","50528","45481","2018/07/23 09:30:45.927 PM","1532349045927","69.0","80.0","84","1EFF06000109200215A7C9A8FC6DB8F1376F9E8110F17ECA27C560B1A954"
"BLE Beacon","A7C9A8FC-6DB8-F137-6F9E-8110F17ECA27","50528","45481","2018/07/23 09:30:46.137 PM","1532349046137","69.0","80.0","84","1EFF06000109200215A7C9A8FC6DB8F1376F9E8110F17ECA27C560B1A954"
"BLE Beacon","00050001-0000-1000-8000-00805F9B0131","6","34156","2018/07/23 09:30:46.861 PM","1532349046861","27.0","58.0","-61","0201041AFF4C0002150005000100001000800000805F9B01310006856CC3"
"BLE Beacon","A7C9A8FC-6DB8-F137-6F9E-8110F17ECA27","50528","45481","2018/07/23 09:30:47.178 PM","1532349047178","69.0","80.0","84","1EFF06000109200215A7C9A8FC6DB8F1376F9E8110F17ECA27C560B1A954"
"BLE Beacon","00050001-0000-1000-8000-00805F9B0131","1","33644","2018/07/23 09:30:47.747 PM","1532349047747","27.0","57.0","-61","0201041AFF4C0002150005000100001000800000805F9B01310001836CC3"
"BLE Beacon","A7C9A8FC-6DB8-F137-6F9E-8110F17ECA27","50528","45481","2018/07/23 09:30:48.332 PM","1532349048332","69.0","80.0","84","1EFF06000109200215A7C9A8FC6DB8F1376F9E8110F17ECA27C560B1A954"
"BLE Beacon","00050001-0000-1000-8000-00805F9B0131","2","33644","2018/07/23 09:30:49.482 PM","1532349049482","27.0","57.0","-61","0201041AFF4C0002150005000100001000800000805F9B01310002836CC3"
"BLE Beacon","00050001-0000-1000-8000-00805F9B0131","6","34156","2018/07/23 09:30:49.869 PM","1532349049869","27.0","58.0","-61","0201041AFF4C0002150005000100001000800000805F9B01310006856CC3"
"BLE Beacon","A7C9A8FC-6DB8-F137-6F9E-8110F17ECA27","50528","45481","2018/07/23 09:30:50.413 PM","1532349050413","69.0","80.0","84","1EFF06000109200215A7C9A8FC6DB8F1376F9E8110F17ECA27C560B1A954"
"BLE Beacon","A7C9A8FC-6DB8-F137-6F9E-8110F17ECA27","50528","45481","2018/07/23 09:30:50.508 PM","1532349050508","69.0","80.0","84","1EFF06000109200215A7C9A8FC6DB8F1376F9E8110F17ECA27C560B1A954"
"BLE Beacon","A7C9A8FC-6DB8-F137-6F9E-8110F17ECA27","50528","45481","2018/07/23 09:30:50.614 PM","1532349050614","69.0","80.0","84","1EFF06000109200215A7C9A8FC6DB8F1376F9E8110F17ECA27C560B1A954"
"BLE Beacon","A7C9A8FC-6DB8-F137-6F9E-8110F17ECA27","50528","45481","2018/07/23 09:30:51.469 PM","1532349051469","69.0","80.0","84","1EFF06000109200215A7C9A8FC6DB8F1376F9E8110F17ECA27C560B1A954"
"BLE Beacon","00050001-0000-1000-8000-00805F9B0131","6","34156","2018/07/23 09:30:52.837 PM","1532349052837","27.0","58.0","-61","0201041AFF4C0002150005000100001000800000805F9B01310006856CC3"
"BLE Beacon","A7C9A8FC-6DB8-F137-6F9E-8110F17ECA27","50528","45481","2018/07/23 09:30:53.793 PM","1532349053793","69.0","80.0","84","1EFF06000109200215A7C9A8FC6DB8F1376F9E8110F17ECA27C560B1A954"
"BLE Beacon","A7C9A8FC-6DB8-F137-6F9E-8110F17ECA27","50528","45481","2018/07/23 09:30:53.895 PM","1532349053895","69.0","80.0","84","1EFF06000109200215A7C9A8FC6DB8F1376F9E8110F17ECA27C560B1A954"
"BLE Beacon","A7C9A8FC-6DB8-F137-6F9E-8110F17ECA27","50528","45481","2018/07/23 09:30:53.995 PM","1532349053995","69.0","80.0","84","1EFF06000109200215A7C9A8FC6DB8F1376F9E8110F17ECA27C560B1A954"
"BLE Beacon","00050001-0000-1000-8000-00805F9B0131","1","33644","2018/07/23 09:30:54.411 PM","1532349054411","27.0","57.0","-61","0201041AFF4C0002150005000100001000800000805F9B01310001836CC3"
"BLE Beacon","00050001-0000-1000-8000-00805F9B0131","6","34156","2018/07/23 09:30:55.826 PM","1532349055826","27.0","58.0","-61","0201041AFF4C0002150005000100001000800000805F9B01310006856CC3"
"BLE Beacon","A7C9A8FC-6DB8-F137-6F9E-8110F17ECA27","50528","45481","2018/07/23 09:30:55.974 PM","1532349055974","69.0","80.0","84","1EFF06000109200215A7C9A8FC6DB8F1376F9E8110F17ECA27C560B1A954"
"BLE Beacon","A7C9A8FC-6DB8-F137-6F9E-8110F17ECA27","50528","45481","2018/07/23 09:30:56.077 PM","1532349056077","69.0","80.0","84","1EFF06000109200215A7C9A8FC6DB8F1376F9E8110F17ECA27C560B1A954"
"BLE Beacon","A7C9A8FC-6DB8-F137-6F9E-8110F17ECA27","50528","45481","2018/07/23 09:30:56.291 PM","1532349056291","69.0","80.0","84","1EFF06000109200215A7C9A8FC6DB8F1376F9E8110F17ECA27C560B1A954"
"BLE Beacon","A7C9A8FC-6DB8-F137-6F9E-8110F17ECA27","50528","45481","2018/07/23 09:30:57.243 PM","1532349057243","69.0","80.0","84","1EFF06000109200215A7C9A8FC6DB8F1376F9E8110F17ECA27C560B1A954"
"BLE Beacon","A7C9A8FC-6DB8-F137-6F9E-8110F17ECA27","50528","45481","2018/07/23 09:30:57.345 PM","1532349057345","69.0","80.0","84","1EFF06000109200215A7C9A8FC6DB8F1376F9E8110F17ECA27C560B1A954"
"BLE Beacon","00050001-0000-1000-8000-00805F9B0131","1","33644","2018/07/23 09:30:57.758 PM","1532349057758","27.0","57.0","-61","0201041AFF4C0002150005000100001000800000805F9B01310001836CC3"
"BLE Beacon","A7C9A8FC-6DB8-F137-6F9E-8110F17ECA27","50528","45481","2018/07/23 09:30:58.289 PM","1532349058289","69.0","80.0","84","1EFF06000109200215A7C9A8FC6DB8F1376F9E8110F17ECA27C560B1A954"
"BLE Beacon","00050001-0000-1000-8000-00805F9B0131","6","34156","2018/07/23 09:30:58.815 PM","1532349058815","27.0","58.0","-61","0201041AFF4C0002150005000100001000800000805F9B01310006856CC3"
"BLE Beacon","00050001-0000-1000-8000-00805F9B0131","2","33644","2018/07/23 09:30:59.391 PM","1532349059391","27.0","57.0","-61","0201041AFF4C0002150005000100001000800000805F9B01310002836CC3"
"BLE Beacon","A7C9A8FC-6DB8-F137-6F9E-8110F17ECA27","50528","45481","2018/07/23 09:31:00.468 PM","1532349060468","69.0","80.0","84","1EFF06000109200215A7C9A8FC6DB8F1376F9E8110F17ECA27C560B1A954"
"BLE Beacon","A7C9A8FC-6DB8-F137-6F9E-8110F17ECA27","50528","45481","2018/07/23 09:31:00.570 PM","1532349060570","69.0","80.0","84","1EFF06000109200215A7C9A8FC6DB8F1376F9E8110F17ECA27C560B1A954"
"BLE Beacon","A7C9A8FC-6DB8-F137-6F9E-8110F17ECA27","50528","45481","2018/07/23 09:31:00.657 PM","1532349060657","69.0","80.0","84","1EFF06000109200215A7C9A8FC6DB8F1376F9E8110F17ECA27C560B1A954"
"BLE Beacon","00050001-0000-1000-8000-00805F9B0131","1","33644","2018/07/23 09:31:01.109 PM","1532349061109","27.0","57.0","-61","0201041AFF4C0002150005000100001000800000805F9B01310001836CC3"
"BLE Beacon","A7C9A8FC-6DB8-F137-6F9E-8110F17ECA27","50528","45481","2018/07/23 09:31:01.602 PM","1532349061602","69.0","80.0","84","1EFF06000109200215A7C9A8FC6DB8F1376F9E8110F17ECA27C560B1A954"
"BLE Beacon","A7C9A8FC-6DB8-F137-6F9E-8110F17ECA27","50528","45481","2018/07/23 09:31:01.699 PM","1532349061699","69.0","80.0","84","1EFF06000109200215A7C9A8FC6DB8F1376F9E8110F17ECA27C560B1A954"
"BLE Beacon","00050001-0000-1000-8000-00805F9B0131","6","34156","2018/07/23 09:31:01.804 PM","1532349061804","27.0","58.0","-61","0201041AFF4C0002150005000100001000800000805F9B01310006856CC3"
"BLE Beacon","A7C9A8FC-6DB8-F137-6F9E-8110F17ECA27","50528","45481","2018/07/23 09:31:01.832 PM","1532349061832","69.0","80.0","84","1EFF06000109200215A7C9A8FC6DB8F1376F9E8110F17ECA27C560B1A954"
"BLE Beacon","A7C9A8FC-6DB8-F137-6F9E-8110F17ECA27","50528","45481","2018/07/23 09:31:01.911 PM","1532349061911","69.0","80.0","84","1EFF06000109200215A7C9A8FC6DB8F1376F9E8110F17ECA27C560B1A954"
"BLE Beacon","A7C9A8FC-6DB8-F137-6F9E-8110F17ECA27","50528","45481","2018/07/23 09:31:02.738 PM","1532349062738","69.0","80.0","84","1EFF06000109200215A7C9A8FC6DB8F1376F9E8110F17ECA27C560B1A954"
"BLE Beacon","A7C9A8FC-6DB8-F137-6F9E-8110F17ECA27","50528","45481","2018/07/23 09:31:02.842 PM","1532349062842","69.0","80.0","84","1EFF06000109200215A7C9A8FC6DB8F1376F9E8110F17ECA27C560B1A954"
"BLE Beacon","A7C9A8FC-6DB8-F137-6F9E-8110F17ECA27","50528","45481","2018/07/23 09:31:02.950 PM","1532349062950","69.0","80.0","84","1EFF06000109200215A7C9A8FC6DB8F1376F9E8110F17ECA27C560B1A954"
"BLE Beacon","A7C9A8FC-6DB8-F137-6F9E-8110F17ECA27","50528","45481","2018/07/23 09:31:03.911 PM","1532349063911","69.0","80.0","84","1EFF06000109200215A7C9A8FC6DB8F1376F9E8110F17ECA27C560B1A954"
"BLE Beacon","A7C9A8FC-6DB8-F137-6F9E-8110F17ECA27","50528","45481","2018/07/23 09:31:04.122 PM","1532349064122","69.0","80.0","84","1EFF06000109200215A7C9A8FC6DB8F1376F9E8110F17ECA27C560B1A954"
"BLE Beacon","00050001-0000-1000-8000-00805F9B0131","1","33644","2018/07/23 09:31:04.456 PM","1532349064456","27.0","57.0","-61","0201041AFF4C0002150005000100001000800000805F9B01310001836CC3"
"BLE Beacon","00050001-0000-1000-8000-00805F9B0131","6","34156","2018/07/23 09:31:04.788 PM","1532349064788","27.0","58.0","-61","0201041AFF4C0002150005000100001000800000805F9B01310006856CC3"
"BLE Beacon","A7C9A8FC-6DB8-F137-6F9E-8110F17ECA27","50528","45481","2018/07/23 09:31:04.962 PM","1532349064962","69.0","80.0","84","1EFF06000109200215A7C9A8FC6DB8F1376F9E8110F17ECA27C560B1A954"
"BLE Beacon","A7C9A8FC-6DB8-F137-6F9E-8110F17ECA27","50528","45481","2018/07/23 09:31:05.164 PM","1532349065164","69.0","80.0","84","1EFF06000109200215A7C9A8FC6DB8F1376F9E8110F17ECA27C560B1A954"
"BLE Beacon","A7C9A8FC-6DB8-F137-6F9E-8110F17ECA27","50528","45481","2018/07/23 09:31:05.263 PM","1532349065263","69.0","80.0","84","1EFF06000109200215A7C9A8FC6DB8F1376F9E8110F17ECA27C560B1A954"
